{"type": "block", "layer": 1, "block": 0, "features": [{"geom": {"lines": [[-192.18311082653236, -33.95744422308053, 67.52870178222656, -189.93982413009508, -31.862066539615626, 68.04386138916016, -191.61612627684372, -30.23506739718141, 68.77400207519531, -189.15097606100608, -28.26294722451712, 68.11392974853516, -187.3760679056286, -29.692734349693637, 67.91339111328125, -184.4178876466467, -26.981069112283876, 67.94597625732422, -183.28391854738584, -28.410856237460393, 67.62169647216797, -181.90343442646554, -27.079675120912725, 67.82064056396484, -180.47364730131812, -28.509462246089242, 67.48487854003906, -182.10064644378144, -30.03785537989461, 67.28791809082031, -180.72016232291935, -31.319733492127853, 67.25038146972656, -188.36212799197529, -38.22215409643832, 66.08885955810547, -192.33101983950473, -34.05605023173848, 67.52870178222656]]}, "mtl": 0}], "featureCount": 1, "startIndex": 0}