{"type": "block", "layer": 4, "block": 0, "features": [{"geom": {"polygons": [[[[-250.36442828841973, 9.890975587826688], [-248.78303086693631, 11.730133822886273], [-250.36442828841973, 13.457827922218712], [-246.96477215719642, 16.913216121174628], [-244.57525975367753, 14.488871175301028], [-239.9216320986161, 18.640910220798105], [-235.92982274765382, 14.4052730735566], [-241.2243691815529, 9.445119046024047], [-239.66387128521455, 7.494496675644768], [-242.1787808414665, 5.181615865236381], [-244.1015371780377, 7.187970303290058], [-246.21935575152747, 5.3209460345387924], [-250.36442828841973, 9.890975587826688]]]], "centroids": [[-243.64245956379455, 11.853436191129731, 29.57749319076538]], "h": 7.0}, "mtl": {"face": 0}}], "featureCount": 1, "startIndex": 0}